{
    "economic_surplus_usd": 4550000000.0,
    "acres_restored": 379166.6666666667,
    "biological_sink_bonus_tons": 568750.0,
    "total_co2_abatement_potential": 43.96875
}